ID,Name,Email,Phone Number,Date of Birth,Address,Salary
1,Troy Church,kevinthomas@graham.com,(788)284-8688x474,1944-12-03,"1607 Allison Junction, Brittanyview, VT 37575",58550.41
2,Colleen Gardner,ashley87@hotmail.com,(405)409-9040x238,1986-08-24,"6072 Mary Road, Christinaside, RI 35095",46327.53
3,Danny White,elizabethmoore@hotmail.com,172.667.3343,1980-05-28,"391 Matthew Divide Suite 928, North Sarashire, GA 28717",102889.18
4,Douglas Turner PhD,isanchez@hotmail.com,125.187.4596,1987-02-09,"7739 Riley Roads, West Brian, MD 34264",73552.37
5,Ronald Moon,bclark@yahoo.com,001-209-224-9162x44311,1945-05-05,"5665 Lopez Cove, Jennyhaven, MA 71676",66926.42
6,Andrew Jackson,robert76@hotmail.com,520-171-1877x1128,1986-03-23,"Unit 2242 Box 9186, DPO AE 07724",68776.89
7,Kimberly Scott,jameswilliams@johnson-lawson.biz,199-734-3689,1973-02-28,"0055 White Key, Lake Justin, NH 90949",71821.15
8,Barbara Hernandez,ronaldkemp@yahoo.com,5408898068,1952-01-24,"508 Erika Canyon Apt. 267, Petersstad, MI 01123",102192.98
9,Jocelyn Williams,frenchrodney@walton-anderson.biz,001-823-707-1684x636,1968-12-26,"13989 Williams Road, Jeffreymouth, WA 33519",111196.28
10,Ernest Boyd,gpierce@dean-singh.org,001-575-744-1672,200 3-05-06,"5015 Becker Spring Suite 600, Huntershire, GA 17036",99525.67
11,Susan Schmidt,kevin44@turner.net,5611245291,1967-04-13,"PSC 8411, Box 7105, APO AE 18928",52621.76
12,Heather Curry,joshuasmith@davidson-williams.com,(659)728-1034x289,1946-07-29,"9856 Nicholas Lights Apt. 616, Stevenchester, SC 45320",34380.16
13,Ryan Rivera,preyes@gmail.com,931.010.6159,1992-03-09,"4324 Herrera Crest, Josephport, MT 03252",37999.34
14,Heather Holmes,gallagherdavid@gmail.com,001-036-484-4383x412,1964-12-31,"7749 Stacey Bridge, Lake Wayneland, SC 07220",81194.4
15,Joseph Ball,brodriguez@gmail.com,869.416.2715x13509,1992-03-18,"27064 Christine Rest Apt. 000, Taylorberg, TX 41141",93442.1
16,Robert Allen,brendapatel@long.com,+1-627-226-6666x7169,1963-03-30,"38437 April Camp, Port Ricardoberg, TX 08391",104465.34
17,Tyler Rhodes,fsmith@mendez.biz,(536)523-2626x119,1962-10-25,"446 Karen Corners, Lake Aliciafurt, RI 22349",73546.94
18,Joseph Phillips,michaelmcdowell@yahoo.com,(431)687-9279,1961-10-26,"981 Munoz Mission, North Richardside, MI 95550",94906.43
19,Alice Schroeder,butlermike@harrison-johnson.net,(142)988-1534x892,1972-02-29,"53362 Hines Parks, New Kyletown, LA 32994",103937.45
20,Matthew Sanchez,turnerdavid@yahoo.com,001-900-097-3021x544,1987-11-05,"685 Jacob Spur Apt. 477, Port Michaelland, AR 86135",36746.8
21,Robert Navarro,jacqueline90@gmail.com,8195389762,1950-12-05,"83217 Albert Tunnel, Johnathanland, CA 45916",51608.74
22,Rebecca Benjamin,jchase@marshall.info,(053)643-2337x93287,2002-05-20,"008 Courtney Junctions, New Nathaniel, ID 09750",75826.19
23,Kenneth Brown,gortiz@gmail.com,903.463.3455,1993-03-28,"59617 Samantha Common Suite 487, Petersfort, DE 96636",60198.57
24,Sara Walker,amiranda@hotmail.com,729-449-1982x0531,1965-06-20,"22378 Benjamin Drive Apt. 372, East Morganfort, MA 12658",107813.36
25,Travis Baker,lindsayhaynes@hotmail.com,899.750.8289,1988-10-22,"180 Harrison Plain, Parkerberg, CO 72575",79240.89
26,Tim Walsh,susanmcmahon@yahoo.com,+1-132-784-7319x8623,2004-12-16,"198 Shari Extensions Suite 755, New Michaelhaven, TX 45237",84344.33
27,Patrick Briggs,reeddaniel@yahoo.com,451.359.3777x09144,2002-09-01,"967 Davis Fort Apt. 816, West Seanport, MT 93442",106770.85
28,Chris Riggs,smithholly@yahoo.com,(289)872-1573,1999-09-24,"8480 Kent Hills Apt. 537, Davidmouth, GA 02715",54198.5
29,Pamela Smith,kevinkey@yahoo.com,4475499706,1986-04-03,"30637 Hudson Knoll Apt. 609, South Brandon, OK 97026",43166.61
30,Colin Russell IV,tina12@shaffer-brown.com,313.359.6691,1958-04-17,"99010 Rebecca Brook Apt. 398, Loganfurt, MO 17490",80253.07
